engine,n_docs,mean_cer,ci_cer_lo,ci_cer_hi,mean_wer,ci_wer_lo,ci_wer_hi,cer_no_diac,macro_field_f1,mean_anls,mean_latency_s
rapidocr,286,0.8745674856049308,0.8091409590999937,0.9483976144676881,0.9356555916292164,0.9095607833439621,0.9640352227551374,0.8687616404697646,0.0,0.0,0.6072226067093385
doctr,286,0.8908878841583163,0.8349338831561564,0.9551127079305622,1.1259314148029818,1.071627453139885,1.184822509905102,0.8875930842816471,0.0,0.0,0.0766211415035935
tesseract,286,0.8967209082432467,0.8526745179756626,0.9480392015651302,1.0492706366348494,1.0136735215032056,1.0885790925845475,0.8942449025611321,0.0,0.0,0.18742157822764655
easyocr,286,0.9119114577347446,0.8623345100211552,0.9690745646055801,1.0520922740875762,1.0120795893158139,1.0954121496756992,0.9090748181420221,0.0,0.0,0.19449153626232832
surya,286,1.060686261587716,0.964955965393919,1.1676826345133264,1.252812929908522,1.1629922860204716,1.349721666390977,1.0572395642043295,0.0,0.0,0.9966727315979014
