engine,n_docs,mean_cer,ci_cer_lo,ci_cer_hi,mean_wer,ci_wer_lo,ci_wer_hi,cer_no_diac,macro_field_f1,mean_anls,mean_latency_s
doctr,100,0.3053136465029364,0.27230027634940074,0.3391870679072906,0.48396707557519486,0.4465805612707542,0.5233043429374294,0.28850348156226907,0.6365024436865191,0.6295313586435933,0.28350750914003586
surya,100,0.3211778699886355,0.28740197358047004,0.3552471289327492,0.3967876093018968,0.3555136755698918,0.4384874238073875,0.31952917529482766,0.8072081869579937,0.7985300444823531,4.911256963460255
easyocr,100,0.3385920537142502,0.3088220012914968,0.369521105707074,0.5497517590759313,0.5176835486636543,0.5831202964171275,0.3133371504048856,0.545876862077038,0.5398120328502071,1.7777021243001219
rapidocr,100,0.3466605055628673,0.3183402443789771,0.3765016867560263,0.5570907513275359,0.5284586884928931,0.586917630245665,0.3228515987756709,0.6287363445948791,0.6218429205428697,3.29504681847975
tesseract,100,0.36274862787349577,0.3271525103003789,0.39932418862161184,0.5381698178614169,0.5003714961980431,0.5767428940593264,0.3459287383460809,0.5820624989334431,0.575635813338048,0.8186818893898453
