{
  "generated_at": "analyze_dataset.py",
  "total_files": 1040,
  "total_size_mb": 1639.541015625,
  "formats": {
    ".csv": {
      "extension": ".csv",
      "count": 130,
      "total_bytes": 9744868,
      "total_kb": 9516.47265625,
      "total_mb": 9.29343032836914,
      "min_bytes": 5627,
      "max_bytes": 768423,
      "mean_bytes": 74960.52307692308,
      "median_bytes": 31322.5,
      "std_dev_bytes": 129515.55209193125,
      "min_kb": 5.4951171875,
      "max_kb": 750.4130859375,
      "mean_kb": 73.2036358173077,
      "median_kb": 30.58837890625,
      "min_mb": 0.005366325378417969,
      "max_mb": 0.7328252792358398,
      "mean_mb": 0.07148792560283955,
      "median_mb": 0.029871463775634766
    },
    ".docx": {
      "extension": ".docx",
      "count": 130,
      "total_bytes": 7948720,
      "total_kb": 7762.421875,
      "total_mb": 7.5804901123046875,
      "min_bytes": 39890,
      "max_bytes": 298035,
      "mean_bytes": 61144,
      "median_bytes": 47387.0,
      "std_dev_bytes": 39844.46252462152,
      "min_kb": 38.955078125,
      "max_kb": 291.0498046875,
      "mean_kb": 59.7109375,
      "median_kb": 46.2763671875,
      "min_mb": 0.03804206848144531,
      "max_mb": 0.2842283248901367,
      "mean_mb": 0.05831146240234375,
      "median_mb": 0.04519176483154297
    },
    ".json": {
      "extension": ".json",
      "count": 130,
      "total_bytes": 63672880,
      "total_kb": 62180.546875,
      "total_mb": 60.72319030761719,
      "min_bytes": 32208,
      "max_bytes": 3847951,
      "mean_bytes": 489791.3846153846,
      "median_bytes": 324986.0,
      "std_dev_bytes": 644715.5170734312,
      "min_kb": 31.453125,
      "max_kb": 3757.7646484375,
      "mean_kb": 478.31189903846155,
      "median_kb": 317.369140625,
      "min_mb": 0.0307159423828125,
      "max_mb": 3.669692039489746,
      "mean_mb": 0.4671014639047476,
      "median_mb": 0.30993080139160156
    },
    ".pdf": {
      "extension": ".pdf",
      "count": 260,
      "total_bytes": 1586366904,
      "total_kb": 1549186.4296875,
      "total_mb": 1512.8773727416992,
      "min_bytes": 113994,
      "max_bytes": 129127117,
      "mean_bytes": 6101411.169230769,
      "median_bytes": 917588.5,
      "std_dev_bytes": 15997275.533596804,
      "min_kb": 111.322265625,
      "max_kb": 126100.7001953125,
      "mean_kb": 5958.409344951923,
      "median_kb": 896.08251953125,
      "min_mb": 0.10871315002441406,
      "max_mb": 123.14521503448486,
      "mean_mb": 5.8187591259296125,
      "median_mb": 0.8750805854797363
    },
    ".txt": {
      "extension": ".txt",
      "count": 130,
      "total_bytes": 12175020,
      "total_kb": 11889.66796875,
      "total_mb": 11.611003875732422,
      "min_bytes": 7091,
      "max_bytes": 998950,
      "mean_bytes": 93654,
      "median_bytes": 34255.5,
      "std_dev_bytes": 163829.14907678915,
      "min_kb": 6.9248046875,
      "max_kb": 975.537109375,
      "mean_kb": 91.458984375,
      "median_kb": 33.45263671875,
      "min_mb": 0.006762504577636719,
      "max_mb": 0.9526729583740234,
      "mean_mb": 0.08931541442871094,
      "median_mb": 0.0326685905456543
    },
    ".xlsx": {
      "extension": ".xlsx",
      "count": 130,
      "total_bytes": 3505600,
      "total_kb": 3423.4375,
      "total_mb": 3.34320068359375,
      "min_bytes": 8128,
      "max_bytes": 229573,
      "mean_bytes": 26966.153846153848,
      "median_bytes": 15713.0,
      "std_dev_bytes": 33900.10198001206,
      "min_kb": 7.9375,
      "max_kb": 224.1923828125,
      "mean_kb": 26.334134615384617,
      "median_kb": 15.3447265625,
      "min_mb": 0.00775146484375,
      "max_mb": 0.21893787384033203,
      "mean_mb": 0.02571692833533654,
      "median_mb": 0.014985084533691406
    },
    ".xml": {
      "extension": ".xml",
      "count": 130,
      "total_bytes": 35769368,
      "total_kb": 34931.0234375,
      "total_mb": 34.112327575683594,
      "min_bytes": 21060,
      "max_bytes": 1972448,
      "mean_bytes": 275148.9846153846,
      "median_bytes": 210158.0,
      "std_dev_bytes": 323103.4084167589,
      "min_kb": 20.56640625,
      "max_kb": 1926.21875,
      "mean_kb": 268.7001802884615,
      "median_kb": 205.232421875,
      "min_mb": 0.020084381103515625,
      "max_mb": 1.881072998046875,
      "mean_mb": 0.2624025198129507,
      "median_mb": 0.2004222869873047
    }
  }
}