engine,n_docs,mean_cer,ci_cer_lo,ci_cer_hi,mean_wer,ci_wer_lo,ci_wer_hi,cer_no_diac,macro_field_f1,mean_anls,mean_latency_s
rapidocr,100,0.6385854891839624,0.598338223197276,0.6760841252864865,0.862178557723063,0.8414424604277114,0.8810271577468437,0.6269773294726207,0.5071160842478813,0.5014388627993419,2.6206306508599666
surya,100,0.6403830237919561,0.5915743740267557,0.6860304764416676,0.7405157260345322,0.6845301949175109,0.7938884603827202,0.6355093080141127,0.7034079902525365,0.6957678497439506,7.460984801629966
tesseract,100,0.7012772040037898,0.6471391484070377,0.7516252046998041,0.8467128534742061,0.7949667225820808,0.8965317335823559,0.694177849531787,0.2139858568394706,0.21123993766501528,0.9299588126000891
doctr,100,0.7053864138406156,0.6474186663782919,0.7605914749472477,0.8195813361283392,0.7680201353949333,0.8682509365100749,0.6992339242753508,0.19647458654040978,0.19390378006894504,2.944033114269623
easyocr,100,0.7213678024119884,0.6648484616668452,0.7745014101427269,0.8470061669962626,0.7990617029226662,0.892475399020514,0.71405706816509,0.18853758583691996,0.18604614937249014,1.852862447499283
