engine,n_docs,mean_cer,ci_cer_lo,ci_cer_hi,mean_wer,ci_wer_lo,ci_wer_hi,cer_no_diac,macro_field_f1,mean_anls,mean_latency_s
lighton_ocr,100,0.6734961005129678,0.6113410082683761,0.7360034288688293,0.6775727831054027,0.620676306890275,0.7349035843649554,0.6720526648926176,0.760349537762926,0.7521399817792361,15.001043528279746
