engine,n_docs,mean_cer,ci_cer_lo,ci_cer_hi,mean_wer,ci_wer_lo,ci_wer_hi,cer_no_diac,macro_field_f1,mean_anls,mean_latency_s
glm_ocr,100,0.32173085054068606,0.28980674591028643,0.35448913902996293,0.37521703910091303,0.3372816367288221,0.4145392405904871,0.3206978535572948,0.8075821319491668,0.7989002500236145,9.049335595670708
