engine,n_docs,mean_cer,ci_cer_lo,ci_cer_hi,mean_wer,ci_wer_lo,ci_wer_hi,cer_no_diac,macro_field_f1,mean_anls,mean_latency_s
doctr,100,0.2985839394233471,0.26556686111004635,0.3323160964951582,0.47404009846837947,0.4366550535724727,0.5128273967746152,0.2817129562966013,0.6319279478247969,0.6250026077404882,0.31553905875989585
surya,100,0.3148004513095478,0.2811605030687411,0.3488994251878525,0.382001076264637,0.3407445833568737,0.4239566194672163,0.31349353601673796,0.8179099355548829,0.8091247755932734,4.7483968249397
easyocr,100,0.3267445564681681,0.29680834430569286,0.3572665514071501,0.5306096096600424,0.49824204539715544,0.5650542520422939,0.30113693555509946,0.5703626833988028,0.5640529959587542,1.8230366280308226
tesseract,100,0.3513973697936768,0.31492741502359084,0.387857540650823,0.5146979222315968,0.477952424357537,0.5517165380932074,0.33372720423001895,0.5829571614188808,0.5765215291986313,1.4391760877096385
rapidocr,100,0.3766012711692421,0.35049737733578523,0.4034760308639159,0.780486829650779,0.7578617588846752,0.8017966085973527,0.3523625585361229,0.5269386282095581,0.5210631813214018,3.0786432197800604
