engine,n_docs,mean_cer,ci_cer_lo,ci_cer_hi,mean_wer,ci_wer_lo,ci_wer_hi,cer_no_diac,macro_field_f1,mean_anls,mean_latency_s
doctr,100,0.2987587624973927,0.26565500756676774,0.33256894781919927,0.473854307708006,0.436614103347046,0.5127689075946327,0.2819371679083792,0.6381785313368495,0.6311906854174204,0.2857638448401849
surya,100,0.3160205304882851,0.2824943530517824,0.35009827193092513,0.3873397851369234,0.34580509871799436,0.43021586507895415,0.3146765746061661,0.8253141910110741,0.8164549884949026,4.68686343040019
easyocr,100,0.32694095158530984,0.29736991554245773,0.35715772037493815,0.5322192941732387,0.4996567605991337,0.5665781837014205,0.3013481272353147,0.56525529117341,0.5589966776556153,1.778804779250204
tesseract,100,0.3534692904753676,0.3192981080017574,0.38764303673200756,0.5142817859377905,0.4789523072619921,0.5497696759790379,0.33541426072071473,0.5745287499917401,0.568177401885762,0.9862840706200222
rapidocr,100,0.3754761440509523,0.3484365625290525,0.40360207410565285,0.7890131804554725,0.7671620934457123,0.809526437779724,0.3509107321394646,0.523368527850004,0.5175287819654434,3.188263785910094
