engine,n_docs,mean_cer,ci_cer_lo,ci_cer_hi,mean_wer,ci_wer_lo,ci_wer_hi,cer_no_diac,macro_field_f1,mean_anls,mean_latency_s
doctr,100,0.3027540763417346,0.269531744355417,0.3367389098400585,0.484033671189609,0.4473235198571946,0.5220490222860029,0.2859565417178431,0.6356788967517244,0.6287160471781464,0.2882630675998371
easyocr,100,0.32961145581584994,0.30006837453370133,0.3594771316810767,0.5388357370775425,0.5075209635619771,0.5716321447143872,0.30408758200336533,0.5577400430835268,0.5515565820466309,1.8457744909704343
rapidocr,100,0.34345697280212656,0.3148530231276889,0.37273657246827235,0.5664548941249781,0.5375231592294915,0.5962539116431773,0.31947449592388494,0.6266332507218418,0.6197608576085628,3.40016914343003
surya,100,0.3498806837917631,0.3139521066162631,0.38605663385938727,0.4222701214489868,0.37635150496137376,0.468431475102872,0.34840598523130845,0.8137900450939732,0.8050460840369729,5.1507785871901435
tesseract,100,0.36609722674888945,0.33024582119541634,0.40231907622863444,0.5444941159144504,0.5053336659091738,0.584268227631828,0.3500129083392386,0.5512708301342731,0.5451520612268698,0.8794294072004414
