engine,n_docs,mean_cer,ci_cer_lo,ci_cer_hi,mean_wer,ci_wer_lo,ci_wer_hi,cer_no_diac,macro_field_f1,mean_anls,mean_latency_s
doctr,100,0.29914700064249644,0.26598720251377306,0.3329243507623494,0.4746295352069322,0.43749461146427604,0.5132489154682601,0.2823020887406182,0.6333250363382537,0.6263857253688105,0.2886941772700811
surya,100,0.31263724537817006,0.2785714769692686,0.34691777349576924,0.3805870837833693,0.3386760638249005,0.42329451971080695,0.3113030055223357,0.8198898829923245,0.8110849235563405,4.718399105900317
easyocr,100,0.32532311115589885,0.29562847300653605,0.3559432961655053,0.5297337541896702,0.4971683254428815,0.5642002790622462,0.29970509096328607,0.5690173225522479,0.5627210887206648,1.768373104220227
tesseract,100,0.3613607071209431,0.324785986399732,0.3986483495617247,0.5266560750409921,0.4887355176186099,0.5657832157652258,0.343901245006909,0.5783586503403473,0.5719690032308832,0.9422209586903773
rapidocr,100,0.38685735069795124,0.36144392718915974,0.4127605965352314,0.8446753460455402,0.8278975912020864,0.8602620721575004,0.36255937487441736,0.5012103595399482,0.4955921953384881,3.232601838180126
