engine,n_docs,mean_cer,ci_cer_lo,ci_cer_hi,mean_wer,ci_wer_lo,ci_wer_hi,cer_no_diac,macro_field_f1,mean_anls,mean_latency_s
doctr,100,0.29897432571808324,0.26583202985081317,0.3328351237311294,0.47418698295573875,0.43680125496179945,0.513483029017237,0.2820993864444499,0.6395724160256495,0.6325706312593324,0.3319483901399508
surya,100,0.31863988902961826,0.2841206712111593,0.3545576695334192,0.3886617301152161,0.3454617389289606,0.43278297308114233,0.317391868443367,0.8243404540074002,0.8154909888612657,4.860520722500514
easyocr,100,0.32474643447505935,0.2951835406964335,0.35515876990251555,0.5299583143133503,0.4975466657696642,0.5643541064863021,0.2990015534395129,0.5694832713334746,0.5631823780140792,1.8183721699195303
tesseract,100,0.3417093699785273,0.30664233123619816,0.3765650875474911,0.5024884123443162,0.4663118086886582,0.5393611909150472,0.323873131758265,0.576145744560553,0.569778226508887,1.5071944519696263
rapidocr,100,0.3766945800464028,0.3505983376112251,0.40374507369638274,0.7757212510056636,0.7539752769498569,0.7965243150395124,0.3525496309820854,0.5277295621296538,0.5218462059022968,2.981359093279607
