engine,n_docs,mean_cer,ci_cer_lo,ci_cer_hi,mean_wer,ci_wer_lo,ci_wer_hi,cer_no_diac,macro_field_f1,mean_anls,mean_latency_s
tesseract,5,0.7417513853455315,0.6785513756316676,0.8274621089677222,0.9231226053639847,0.8911658456486042,0.9631226053639846,0.7386141754813448,0.0,0.0,0.6697581792002893
