engine,n_docs,mean_cer,ci_cer_lo,ci_cer_hi,mean_wer,ci_wer_lo,ci_wer_hi,cer_no_diac,macro_field_f1,mean_anls,mean_latency_s
tesseract,2,0.1982524167857148,0.1570827489481066,0.239422084623323,0.3481401227880101,0.2948717948717949,0.4014084507042254,0.17736507757306805,0.7025641025641025,0.7025641025641025,0.8503979399974924
chandra_ocr,2,1.0,1.0,1.0,1.0,1.0,1.0,1.0,0.0,0.0,5.391126683498442
dots_ocr,2,1.0,1.0,1.0,1.0,1.0,1.0,1.0,0.0,0.0,4.017394434995367
qwen_vl,2,1.0,1.0,1.0,1.0,1.0,1.0,1.0,0.0,0.0,4.306356645502092
